2008-1-8T21:0:0,161.179993,161.169998,161.209991,161.190002,160.081497,160.558502,160.117996,161.510010,0.000000,0.000000
2008-1-8T21:1:0,161.179993,161.160004,161.199997,161.179993,160.081497,160.558502,160.117996,161.510010,0.000000,0.000000
2008-1-8T21:2:0,161.190002,161.169998,161.209991,161.169998,160.081497,160.558502,160.117996,161.510010,0.000000,0.000000
2008-1-8T21:3:0,161.179993,161.169998,161.209991,161.169998,160.081497,160.558502,160.117996,161.510010,0.000000,0.000000
2008-1-8T21:4:0,161.160004,161.119995,161.160004,161.130005,160.081497,160.558502,160.117996,161.510010,0.000000,0.000000
2008-1-8T21:5:0,161.139999,161.110001,161.139999,161.119995,160.081497,160.558502,160.117996,161.510010,0.000000,0.000000
2008-1-8T21:6:0,161.110001,161.100006,161.149994,161.139999,160.081497,160.558502,160.117996,161.510010,0.000000,0.000000
2008-1-8T21:7:0,161.149994,161.089996,161.149994,161.100006,160.081497,160.558502,160.117996,161.510010,0.000000,0.000000
2008-1-8T21:8:0,161.110001,161.110001,161.199997,161.190002,160.081497,160.558502,160.117996,161.510010,0.000000,0.000000
2008-1-8T21:9:0,161.199997,161.199997,161.230011,161.230011,160.081497,160.558502,160.117996,161.510010,0.000000,0.000000
2008-1-8T21:10:0,161.239990,161.230011,161.260010,161.250000,160.081497,160.558502,160.117996,161.510010,0.000000,0.000000
2008-1-8T21:11:0,161.260010,161.250000,161.290009,161.290009,160.081497,160.558502,160.117996,161.510010,0.000000,0.000000
2008-1-8T21:12:0,161.300003,161.290009,161.350006,161.300003,160.081497,160.558502,160.117996,161.510010,0.000000,0.000000
2008-1-8T21:13:0,161.309998,161.279999,161.330002,161.290009,160.081497,160.558502,160.117996,161.510010,0.000000,0.000000
2008-1-8T21:14:0,161.300003,161.300003,161.330002,161.300003,160.081497,160.558502,160.117996,161.510010,0.000000,0.000000
2008-1-8T21:15:0,161.279999,161.260010,161.300003,161.269989,160.081497,160.558502,160.117996,161.510010,0.000000,0.000000
2008-1-8T21:16:0,161.279999,161.279999,161.300003,161.290009,160.081497,160.558502,160.117996,161.510010,0.000000,0.000000
2008-1-8T21:17:0,161.279999,161.260010,161.279999,161.260010,160.081497,160.558502,160.117996,161.510010,0.000000,0.000000
2008-1-8T21:18:0,161.250000,161.179993,161.250000,161.190002,160.081497,160.558502,160.117996,161.510010,0.000000,0.000000
2008-1-8T21:19:0,161.199997,161.199997,161.239990,161.230011,160.081497,160.558502,160.117996,161.510010,0.000000,0.000000
2008-1-8T21:20:0,161.220001,161.220001,161.260010,161.260010,160.081497,160.558502,160.117996,161.510010,0.000000,0.000000
2008-1-8T21:21:0,161.269989,161.260010,161.279999,161.260010,160.081497,160.558502,160.117996,161.510010,0.000000,0.000000
2008-1-8T21:22:0,161.269989,161.250000,161.290009,161.290009,160.081497,160.558502,160.117996,161.510010,0.000000,0.000000
2008-1-8T21:23:0,161.300003,161.290009,161.309998,161.290009,160.081497,160.558502,160.117996,161.510010,0.000000,0.000000
2008-1-8T21:24:0,161.300003,161.290009,161.300003,161.290009,160.081497,160.558502,160.117996,161.510010,0.000000,0.000000
2008-1-8T21:25:0,161.300003,161.279999,161.300003,161.290009,160.081497,160.558502,160.117996,161.510010,0.000000,0.000000
2008-1-8T21:26:0,161.300003,161.260010,161.300003,161.260010,160.081497,160.558502,160.117996,161.510010,0.000000,0.000000
2008-1-8T21:27:0,161.250000,161.230011,161.290009,161.290009,160.081497,160.558502,160.117996,161.510010,0.000000,0.000000
2008-1-8T21:28:0,161.279999,161.269989,161.290009,161.279999,160.081497,160.558502,160.117996,161.510010,0.000000,0.000000
2008-1-8T21:29:0,161.269989,161.220001,161.269989,161.260010,160.081497,160.558502,160.117996,161.510010,0.000000,0.000000
2008-1-8T21:30:0,161.269989,161.239990,161.269989,161.260010,160.081497,160.558502,160.117996,161.510010,0.000000,0.000000
2008-1-8T21:31:0,161.269989,161.260010,161.269989,161.260010,160.081497,160.558502,160.117996,161.510010,0.000000,0.000000
2008-1-8T21:32:0,161.269989,161.209991,161.279999,161.230011,160.081497,160.558502,160.117996,161.510010,0.000000,0.000000
2008-1-8T21:33:0,161.220001,161.190002,161.230011,161.209991,160.081497,160.558502,160.117996,161.510010,0.000000,0.000000
2008-1-8T21:34:0,161.220001,161.199997,161.220001,161.199997,160.081497,160.558502,160.117996,161.510010,0.000000,0.000000
2008-1-8T21:35:0,161.190002,161.190002,161.220001,161.209991,160.081497,160.558502,160.117996,161.510010,0.000000,0.000000
2008-1-8T21:36:0,161.199997,161.190002,161.209991,161.199997,160.081497,160.558502,160.117996,161.510010,0.000000,0.000000
2008-1-8T21:37:0,161.190002,161.160004,161.190002,161.179993,160.081497,160.558502,160.117996,161.510010,0.000000,0.000000
2008-1-8T21:38:0,161.190002,161.169998,161.190002,161.169998,160.081497,160.558502,160.117996,161.510010,0.000000,0.000000
2008-1-8T21:39:0,161.179993,161.139999,161.179993,161.139999,160.081497,160.558502,160.117996,161.510010,0.000000,0.000000
2008-1-8T21:40:0,161.130005,161.110001,161.169998,161.139999,160.081497,160.558502,160.117996,161.510010,0.000000,0.000000
2008-1-8T21:41:0,161.149994,161.100006,161.149994,161.100006,160.081497,160.558502,160.117996,161.510010,0.000000,0.000000
2008-1-8T21:42:0,161.110001,161.089996,161.110001,161.089996,160.081497,160.558502,160.117996,161.510010,0.000000,0.000000
2008-1-8T21:43:0,161.080002,161.050003,161.100006,161.050003,160.081497,160.558502,160.117996,161.510010,0.000000,0.000000
2008-1-8T21:44:0,161.040009,161.019989,161.050003,161.040009,160.081497,160.558502,160.117996,161.510010,0.000000,0.000000
2008-1-8T21:45:0,161.050003,161.040009,161.050003,161.050003,160.081497,160.558502,160.117996,161.510010,0.000000,0.000000
2008-1-8T21:46:0,161.040009,160.919998,161.040009,160.919998,160.081497,160.558502,160.117996,161.510010,0.000000,0.000000
2008-1-8T21:47:0,160.940002,160.899994,160.949997,160.940002,160.081497,160.558502,160.117996,161.510010,0.000000,0.000000
2008-1-8T21:48:0,160.929993,160.899994,160.949997,160.949997,160.081497,160.558502,160.117996,161.510010,0.000000,0.000000
2008-1-8T21:49:0,160.959991,160.949997,161.000000,161.000000,160.081497,160.558502,160.117996,161.510010,0.000000,0.000000
2008-1-8T21:50:0,161.010010,160.980011,161.019989,160.980011,160.081497,160.558502,160.117996,161.510010,0.000000,0.000000
2008-1-8T21:51:0,160.970001,160.940002,161.000000,160.980011,160.081497,160.558502,160.117996,161.510010,0.000000,0.000000
2008-1-8T21:52:0,160.959991,160.899994,160.970001,160.929993,160.081497,160.558502,160.117996,161.510010,0.000000,0.000000
2008-1-8T21:53:0,160.919998,160.889999,160.970001,160.959991,160.081497,160.558502,160.117996,161.510010,0.000000,0.000000
2008-1-8T21:54:0,160.970001,160.929993,160.970001,160.959991,160.081497,160.558502,160.117996,161.510010,0.000000,0.000000
2008-1-8T21:55:0,160.949997,160.910004,160.980011,160.959991,160.081497,160.558502,160.117996,161.510010,0.000000,0.000000
2008-1-8T21:56:0,160.949997,160.929993,160.980011,160.949997,160.081497,160.558502,160.117996,161.510010,0.000000,0.000000
2008-1-8T21:57:0,160.940002,160.910004,160.940002,160.919998,160.081497,160.558502,160.117996,161.510010,0.000000,0.000000
2008-1-8T21:58:0,160.910004,160.869995,160.940002,160.910004,160.081497,160.558502,160.117996,161.510010,0.000000,0.000000
2008-1-8T21:59:0,160.899994,160.845001,160.899994,160.845001,160.081497,160.558502,160.117996,161.510010,0.000000,0.000000
2008-1-8T22:0:0,160.850006,160.820007,160.860001,160.839996,160.081497,160.558502,160.117996,161.510010,0.000000,0.000000
2008-1-8T22:1:0,160.850006,160.839996,160.899994,160.899994,160.081497,160.558502,160.117996,161.510010,0.000000,0.000000
2008-1-8T22:2:0,160.889999,160.880005,160.910004,160.889999,160.081497,160.558502,160.117996,161.510010,0.000000,0.000000
2008-1-8T22:3:0,160.899994,160.839996,160.899994,160.850006,160.081497,160.558502,160.117996,161.510010,0.000000,0.000000
2008-1-8T22:4:0,160.860001,160.830002,160.860001,160.830002,160.081497,160.558502,160.117996,161.510010,0.000000,0.000000
2008-1-8T22:5:0,160.839996,160.809998,160.839996,160.839996,160.081497,160.558502,160.117996,161.510010,0.000000,0.000000
2008-1-8T22:6:0,160.850006,160.850006,160.929993,160.929993,160.081497,160.558502,160.117996,161.510010,0.000000,0.000000
2008-1-8T22:7:0,160.919998,160.869995,160.919998,160.889999,160.081497,160.558502,160.117996,161.510010,0.000000,0.000000
2008-1-8T22:8:0,160.899994,160.869995,160.899994,160.889999,160.081497,160.558502,160.117996,161.510010,0.000000,0.000000
2008-1-8T22:9:0,160.869995,160.830002,160.889999,160.839996,160.081497,160.558502,160.117996,161.510010,0.000000,0.000000
2008-1-8T22:10:0,160.850006,160.790009,160.860001,160.800003,160.081497,160.558502,160.117996,161.510010,0.000000,0.000000
2008-1-8T22:11:0,160.790009,160.750000,160.800003,160.769989,160.081497,160.558502,160.117996,161.510010,0.000000,0.000000
2008-1-8T22:12:0,160.779999,160.690002,160.779999,160.750000,160.081497,160.558502,160.117996,161.510010,0.000000,0.000000
2008-1-8T22:13:0,160.760010,160.760010,160.790009,160.760010,160.081497,160.558502,160.117996,161.510010,0.000000,0.000000
2008-1-8T22:14:0,160.750000,160.750000,160.800003,160.769989,160.081497,160.558502,160.117996,161.510010,0.000000,0.000000
2008-1-8T22:15:0,160.760010,160.720001,160.769989,160.760010,160.081497,160.558502,160.117996,161.510010,0.000000,0.000000
2008-1-8T22:16:0,160.750000,160.709991,160.800003,160.709991,160.081497,160.558502,160.117996,161.510010,0.000000,0.000000
2008-1-8T22:17:0,160.705002,160.630005,160.714996,160.630005,160.081497,160.558502,160.117996,161.510010,0.000000,0.000000
2008-1-8T22:18:0,160.645004,160.645004,160.709991,160.669998,160.081497,160.558502,160.117996,161.510010,0.000000,0.000000
2008-1-8T22:19:0,160.660004,160.649994,160.690002,160.669998,160.081497,160.558502,160.117996,161.510010,0.000000,0.000000
2008-1-8T22:20:0,160.660004,160.580002,160.660004,160.619995,160.081497,160.558502,160.117996,161.510010,0.000000,0.000000
2008-1-8T22:21:0,160.630005,160.589996,160.649994,160.649994,160.081497,160.558502,160.117996,161.510010,0.000000,0.000000
2008-1-8T22:22:0,160.660004,160.550003,160.660004,160.550003,160.081497,160.558502,160.117996,161.510010,0.000000,0.000000
2008-1-8T22:23:0,160.559998,160.550003,160.600006,160.550003,160.081497,160.558502,160.117996,161.510010,0.000000,0.000000
2008-1-8T22:24:0,160.559998,160.470001,160.559998,160.475006,160.081497,160.558502,160.117996,161.510010,0.000000,0.000000
2008-1-8T22:25:0,160.459991,160.369995,160.519989,160.500000,160.081497,160.558502,160.117996,161.510010,0.000000,0.000000
2008-1-8T22:26:0,160.489990,160.380005,160.489990,160.459991,160.081497,160.558502,160.117996,161.510010,0.000000,0.000000
2008-1-8T22:27:0,160.440002,160.320007,160.440002,160.330002,160.081497,160.558502,160.117996,161.510010,0.000000,0.000000
2008-1-8T22:28:0,160.339996,160.330002,160.429993,160.429993,160.081497,160.558502,160.117996,161.510010,0.000000,0.000000
2008-1-8T22:29:0,160.419998,160.410004,160.485001,160.480011,160.081497,160.558502,160.117996,161.510010,0.000000,0.000000
2008-1-8T22:30:0,160.470001,160.410004,160.489990,160.470001,160.081497,160.558502,160.117996,161.510010,0.000000,0.000000
2008-1-8T22:31:0,160.480011,160.480011,160.580002,160.580002,160.081497,160.558502,160.117996,161.510010,0.000000,0.000000
2008-1-8T22:32:0,160.570007,160.540009,160.600006,160.559998,160.081497,160.558502,160.117996,161.510010,0.000000,0.000000
2008-1-8T22:33:0,160.570007,160.559998,160.600006,160.589996,160.081497,160.558502,160.117996,161.510010,0.000000,0.000000
2008-1-8T22:34:0,160.600006,160.589996,160.630005,160.619995,160.081497,160.558502,160.117996,161.510010,0.000000,0.000000
2008-1-8T22:35:0,160.630005,160.559998,160.649994,160.600006,160.081497,160.558502,160.117996,161.510010,0.000000,0.000000
2008-1-8T22:36:0,160.610001,160.489990,160.610001,160.500000,160.081497,160.558502,160.117996,161.510010,0.000000,0.000000
2008-1-8T22:37:0,160.489990,160.470001,160.519989,160.480011,160.081497,160.558502,160.117996,161.510010,0.000000,0.000000
2008-1-8T22:38:0,160.489990,160.480011,160.510010,160.500000,160.081497,160.558502,160.117996,161.510010,0.000000,0.000000
2008-1-8T22:39:0,160.510010,160.470001,160.510010,160.510010,160.081497,160.558502,160.117996,161.510010,0.000000,0.000000
2008-1-8T22:40:0,160.519989,160.480011,160.529999,160.519989,160.081497,160.558502,160.117996,161.510010,0.000000,0.000000
2008-1-8T22:41:0,160.529999,160.529999,160.580002,160.540009,160.081497,160.558502,160.117996,161.510010,0.000000,0.000000
2008-1-8T22:42:0,160.529999,160.470001,160.529999,160.489990,160.081497,160.558502,160.117996,161.510010,0.000000,0.000000
2008-1-8T22:43:0,160.500000,160.480011,160.570007,160.510010,160.081497,160.558502,160.117996,161.510010,0.000000,0.000000
2008-1-8T22:44:0,160.500000,160.440002,160.500000,160.489990,160.081497,160.558502,160.117996,161.510010,0.000000,0.000000
2008-1-8T22:45:0,160.475006,160.429993,160.475006,160.429993,160.081497,160.558502,160.117996,161.510010,0.000000,0.000000
2008-1-8T22:46:0,160.440002,160.350006,160.440002,160.399994,160.081497,160.558502,160.117996,161.510010,0.000000,0.000000
2008-1-8T22:47:0,160.389999,160.350006,160.399994,160.389999,160.081497,160.558502,160.117996,161.510010,0.000000,0.000000
2008-1-8T22:48:0,160.380005,160.339996,160.380005,160.350006,160.081497,160.558502,160.117996,161.510010,0.000000,0.000000
2008-1-8T22:49:0,160.360001,160.320007,160.380005,160.350006,160.081497,160.558502,160.117996,161.510010,0.000000,0.000000
2008-1-8T22:50:0,160.339996,160.309998,160.360001,160.360001,160.081497,160.558502,160.117996,161.510010,0.000000,0.000000
2008-1-8T22:51:0,160.369995,160.360001,160.459991,160.440002,160.081497,160.558502,160.117996,161.510010,0.000000,0.000000
2008-1-8T22:52:0,160.455002,160.449997,160.500000,160.459991,160.081497,160.558502,160.117996,161.510010,0.000000,0.000000
2008-1-8T22:53:0,160.449997,160.440002,160.489990,160.440002,160.081497,160.558502,160.117996,161.510010,0.000000,0.000000
2008-1-8T22:54:0,160.429993,160.419998,160.459991,160.440002,160.081497,160.558502,160.117996,161.510010,0.000000,0.000000
2008-1-8T22:55:0,160.449997,160.320007,160.459991,160.320007,160.081497,160.558502,160.117996,161.510010,0.000000,0.000000
2008-1-8T22:56:0,160.309998,160.260010,160.330002,160.269989,160.081497,160.558502,160.117996,161.510010,0.000000,0.000000
2008-1-8T22:57:0,160.279999,160.250000,160.300003,160.300003,160.081497,160.558502,160.117996,161.510010,0.000000,0.000000
2008-1-8T22:58:0,160.290009,160.269989,160.339996,160.320007,160.081497,160.558502,160.117996,161.510010,0.000000,0.000000
2008-1-8T22:59:0,160.330002,160.320007,160.369995,160.330002,160.081497,160.558502,160.117996,161.510010,0.000000,0.000000
2008-1-8T23:0:0,160.339996,160.330002,160.369995,160.360001,160.081497,160.558502,160.117996,161.510010,0.000000,0.000000
2008-1-8T23:1:0,160.369995,160.350006,160.369995,160.360001,160.081497,160.558502,160.117996,161.510010,0.000000,0.000000
2008-1-8T23:2:0,160.350006,160.350006,160.389999,160.360001,160.081497,160.558502,160.117996,161.510010,0.000000,0.000000
2008-1-8T23:3:0,160.369995,160.339996,160.380005,160.360001,160.081497,160.558502,160.117996,161.510010,0.000000,0.000000
2008-1-8T23:4:0,160.350006,160.350006,160.369995,160.350006,160.081497,160.558502,160.117996,161.510010,0.000000,0.000000
2008-1-8T23:5:0,160.339996,160.290009,160.339996,160.309998,160.081497,160.558502,160.117996,161.510010,0.000000,0.000000
2008-1-8T23:6:0,160.290009,160.290009,160.330002,160.330002,160.081497,160.558502,160.117996,161.510010,0.000000,0.000000
2008-1-8T23:7:0,160.339996,160.279999,160.339996,160.279999,160.081497,160.558502,160.117996,161.510010,0.000000,0.000000
2008-1-8T23:8:0,160.269989,160.169998,160.269989,160.169998,160.081497,160.558502,160.117996,161.510010,0.000000,0.000000
2008-1-8T23:9:0,160.190002,160.179993,160.250000,160.230011,160.081497,160.558502,160.117996,161.510010,0.000000,0.000000
2008-1-8T23:10:0,160.239990,160.220001,160.250000,160.220001,160.081497,160.558502,160.117996,161.510010,0.000000,0.000000
2008-1-8T23:11:0,160.209991,160.209991,160.260010,160.260010,160.081497,160.558502,160.117996,161.510010,0.000000,0.000000
2008-1-8T23:12:0,160.250000,160.239990,160.279999,160.239990,160.081497,160.558502,160.117996,161.510010,0.000000,0.000000
2008-1-8T23:13:0,160.250000,160.230011,160.269989,160.239990,160.081497,160.558502,160.117996,161.510010,0.000000,0.000000
2008-1-8T23:14:0,160.250000,160.130005,160.250000,160.139999,160.081497,160.558502,160.117996,161.510010,0.000000,0.000000
2008-1-8T23:15:0,160.160004,160.139999,160.179993,160.179993,160.081497,160.558502,160.117996,161.510010,0.000000,0.000000
2008-1-8T23:16:0,160.169998,160.149994,160.190002,160.149994,160.081497,160.558502,160.117996,161.510010,0.000000,0.000000
2008-1-8T23:17:0,160.139999,160.130005,160.149994,160.149994,160.081497,160.558502,160.117996,161.510010,0.000000,0.000000
2008-1-8T23:18:0,160.139999,160.130005,160.139999,160.139999,160.081497,160.558502,160.117996,161.510010,0.000000,0.000000
2008-1-8T23:19:0,160.130005,160.130005,160.160004,160.160004,160.081497,160.558502,160.117996,161.510010,0.000000,0.000000
2008-1-8T23:20:0,160.179993,160.160004,160.220001,160.209991,160.081497,160.558502,160.117996,161.510010,0.000000,0.000000
2008-1-8T23:21:0,160.220001,160.209991,160.239990,160.230011,160.081497,160.558502,160.117996,161.510010,0.000000,0.000000
2008-1-8T23:22:0,160.239990,160.209991,160.239990,160.220001,160.081497,160.558502,160.117996,161.510010,0.000000,0.000000
2008-1-8T23:23:0,160.209991,160.190002,160.209991,160.199997,160.081497,160.558502,160.117996,161.510010,0.000000,0.000000
2008-1-8T23:24:0,160.209991,160.190002,160.209991,160.190002,160.081497,160.558502,160.117996,161.510010,0.000000,0.000000
2008-1-8T23:25:0,160.199997,160.190002,160.199997,160.199997,160.081497,160.558502,160.117996,161.510010,0.000000,0.000000
2008-1-8T23:26:0,160.190002,160.190002,160.199997,160.190002,160.081497,160.558502,160.117996,161.510010,0.000000,0.000000
2008-1-8T23:27:0,160.199997,160.199997,160.209991,160.199997,160.081497,160.558502,160.117996,161.510010,0.000000,0.000000
2008-1-8T23:28:0,160.190002,160.179993,160.190002,160.179993,160.081497,160.558502,160.117996,161.510010,0.000000,0.000000
2008-1-8T23:29:0,160.169998,160.169998,160.179993,160.169998,160.081497,160.558502,160.117996,161.510010,0.000000,0.000000
2008-1-8T23:30:0,160.179993,160.139999,160.179993,160.139999,160.081497,160.558502,160.117996,161.510010,0.000000,0.000000
2008-1-8T23:31:0,160.149994,160.130005,160.160004,160.139999,160.081497,160.558502,160.117996,161.510010,0.000000,0.000000
2008-1-8T23:32:0,160.149994,160.130005,160.149994,160.139999,160.081497,160.558502,160.117996,161.510010,0.000000,0.000000
2008-1-8T23:33:0,160.149994,160.139999,160.149994,160.149994,160.081497,160.558502,160.117996,161.510010,0.000000,0.000000
2008-1-8T23:34:0,160.139999,160.130005,160.160004,160.149994,160.081497,160.558502,160.117996,161.510010,0.000000,0.000000
2008-1-8T23:35:0,160.160004,160.149994,160.160004,160.149994,160.081497,160.558502,160.117996,161.510010,0.000000,0.000000
2008-1-8T23:36:0,160.160004,160.149994,160.160004,160.149994,160.081497,160.558502,160.117996,161.510010,0.000000,0.000000
2008-1-8T23:37:0,160.160004,160.149994,160.160004,160.149994,160.081497,160.558502,160.117996,161.510010,0.000000,0.000000
2008-1-8T23:38:0,160.160004,160.160004,160.160004,160.160004,160.081497,160.558502,160.117996,161.510010,0.000000,0.000000
2008-1-8T23:39:0,160.149994,160.149994,160.149994,160.149994,160.081497,160.558502,160.117996,161.510010,0.000000,0.000000
2008-1-8T23:40:0,160.139999,160.139999,160.160004,160.160004,160.081497,160.558502,160.117996,161.510010,0.000000,0.000000
2008-1-8T23:41:0,160.149994,160.130005,160.149994,160.130005,160.081497,160.558502,160.117996,161.510010,0.000000,0.000000
2008-1-8T23:42:0,160.139999,160.139999,160.139999,160.139999,160.081497,160.558502,160.117996,161.510010,0.000000,0.000000
2008-1-8T23:43:0,160.130005,160.130005,160.160004,160.160004,160.081497,160.558502,160.117996,161.510010,0.000000,0.000000
2008-1-8T23:44:0,160.169998,160.149994,160.179993,160.160004,160.081497,160.558502,160.117996,161.510010,0.000000,0.000000
2008-1-8T23:45:0,160.149994,160.149994,160.160004,160.160004,160.081497,160.558502,160.117996,161.510010,0.000000,0.000000
2008-1-8T23:46:0,160.169998,160.160004,160.190002,160.179993,160.081497,160.558502,160.117996,161.510010,0.000000,0.000000
2008-1-8T23:47:0,160.190002,160.149994,160.190002,160.149994,160.081497,160.558502,160.117996,161.510010,0.000000,0.000000
2008-1-8T23:48:0,160.160004,160.149994,160.160004,160.160004,160.081497,160.558502,160.117996,161.510010,0.000000,0.000000
2008-1-8T23:49:0,160.149994,160.149994,160.179993,160.179993,160.081497,160.558502,160.117996,161.510010,0.000000,0.000000
2008-1-8T23:50:0,160.190002,160.179993,160.190002,160.179993,160.081497,160.558502,160.117996,161.510010,0.000000,0.000000
2008-1-8T23:51:0,160.190002,160.190002,160.209991,160.209991,160.081497,160.558502,160.117996,161.510010,0.000000,0.000000
2008-1-8T23:52:0,160.220001,160.209991,160.220001,160.209991,160.081497,160.558502,160.117996,161.510010,0.000000,0.000000
2008-1-8T23:53:0,160.220001,160.209991,160.239990,160.230011,160.081497,160.558502,160.117996,161.510010,0.000000,0.000000
2008-1-8T23:54:0,160.239990,160.199997,160.239990,160.209991,160.081497,160.558502,160.117996,161.510010,0.000000,0.000000
2008-1-8T23:55:0,160.199997,160.190002,160.220001,160.199997,160.081497,160.558502,160.117996,161.510010,0.000000,0.000000
2008-1-8T23:56:0,160.190002,160.169998,160.190002,160.169998,160.081497,160.558502,160.117996,161.510010,0.000000,0.000000
2008-1-8T23:57:0,160.179993,160.169998,160.190002,160.169998,160.081497,160.558502,160.117996,161.510010,0.000000,0.000000
2008-1-8T23:58:0,160.179993,160.169998,160.190002,160.169998,160.081497,160.558502,160.117996,161.510010,0.000000,0.000000
2008-1-8T23:59:0,160.179993,160.149994,160.179993,160.160004,160.081497,160.558502,160.117996,161.510010,0.000000,0.000000
2008-1-9T0:0:0,160.149994,160.149994,160.160004,160.149994,160.117996,161.510010,160.149994,160.160004,0.000000,0.000000
2008-1-9T0:1:0,160.160004,160.149994,160.160004,160.149994,160.117996,161.510010,160.149994,160.160004,0.000000,0.000000
2008-1-9T0:2:0,160.160004,160.149994,160.190002,160.190002,160.117996,161.510010,160.149994,160.190002,0.000000,0.000000
2008-1-9T0:3:0,160.179993,160.179993,160.199997,160.199997,160.117996,161.510010,160.149994,160.199997,0.000000,0.000000
2008-1-9T0:4:0,160.209991,160.209991,160.230011,160.230011,160.117996,161.510010,160.149994,160.230011,0.000000,0.000000
2008-1-9T0:5:0,160.220001,160.199997,160.230011,160.199997,160.117996,161.510010,160.149994,160.230011,0.000000,0.000000
2008-1-9T0:6:0,160.179993,160.160004,160.190002,160.190002,160.117996,161.510010,160.149994,160.230011,0.000000,0.000000
2008-1-9T0:7:0,160.199997,160.139999,160.199997,160.139999,160.117996,161.510010,160.139999,160.230011,0.000000,0.000000
2008-1-9T0:8:0,160.130005,160.130005,160.139999,160.130005,160.117996,161.510010,160.130005,160.230011,0.000000,0.000000
2008-1-9T0:9:0,160.139999,160.130005,160.139999,160.130005,160.117996,161.510010,160.130005,160.230011,0.000000,0.000000
2008-1-9T0:10:0,160.139999,160.130005,160.149994,160.149994,160.117996,161.510010,160.130005,160.230011,0.000000,0.000000
2008-1-9T0:11:0,160.139999,160.139999,160.139999,160.139999,160.117996,161.510010,160.130005,160.230011,0.000000,0.000000
2008-1-9T0:12:0,160.119995,160.119995,160.130005,160.119995,160.117996,161.510010,160.119995,160.230011,0.000000,0.000000
2008-1-9T0:13:0,160.130005,160.044998,160.130005,160.080002,160.117996,161.510010,160.044998,160.230011,0.000000,0.000000
2008-1-9T0:14:0,160.089996,160.050003,160.100006,160.100006,160.117996,161.510010,160.044998,160.230011,0.000000,0.000000
2008-1-9T0:15:0,160.089996,160.050003,160.089996,160.070007,160.117996,161.510010,160.044998,160.230011,0.000000,0.000000
2008-1-9T0:16:0,160.059998,160.050003,160.059998,160.050003,160.117996,161.510010,160.044998,160.230011,0.000000,0.000000
2008-1-9T0:17:0,160.059998,160.040009,160.059998,160.040009,160.117996,161.510010,160.040009,160.230011,0.000000,0.000000
2008-1-9T0:18:0,160.029999,160.019989,160.050003,160.050003,160.117996,161.510010,160.019989,160.230011,0.000000,0.000000
2008-1-9T0:19:0,160.040009,160.040009,160.070007,160.059998,160.117996,161.510010,160.019989,160.230011,0.000000,0.000000
2008-1-9T0:20:0,160.070007,160.059998,160.070007,160.059998,160.117996,161.510010,160.019989,160.230011,0.000000,0.000000
2008-1-9T0:21:0,160.070007,160.059998,160.080002,160.070007,160.117996,161.510010,160.019989,160.230011,0.000000,0.000000
2008-1-9T0:22:0,160.074997,160.074997,160.100006,160.100006,160.117996,161.510010,160.019989,160.230011,0.000000,0.000000
2008-1-9T0:23:0,160.110001,160.100006,160.119995,160.119995,160.117996,161.510010,160.019989,160.230011,0.000000,0.000000
2008-1-9T0:24:0,160.110001,160.110001,160.130005,160.130005,160.117996,161.510010,160.019989,160.230011,0.000000,0.000000
2008-1-9T0:25:0,160.139999,160.139999,160.179993,160.169998,160.117996,161.510010,160.019989,160.230011,0.000000,0.000000
2008-1-9T0:26:0,160.149994,160.149994,160.169998,160.160004,160.117996,161.510010,160.019989,160.230011,0.000000,0.000000
2008-1-9T0:27:0,160.169998,160.169998,160.169998,160.169998,160.117996,161.510010,160.019989,160.230011,0.000000,0.000000
2008-1-9T0:28:0,160.160004,160.160004,160.169998,160.169998,160.117996,161.510010,160.019989,160.230011,0.000000,0.000000
2008-1-9T0:29:0,160.160004,160.160004,160.169998,160.169998,160.117996,161.510010,160.019989,160.230011,0.000000,0.000000
2008-1-9T0:30:0,160.160004,160.160004,160.209991,160.199997,160.117996,161.510010,160.019989,160.230011,0.000000,0.000000
2008-1-9T0:31:0,160.190002,160.190002,160.190002,160.190002,160.117996,161.510010,160.019989,160.230011,0.000000,0.000000
2008-1-9T0:32:0,160.199997,160.199997,160.199997,160.199997,160.117996,161.510010,160.019989,160.230011,0.000000,0.000000
2008-1-9T0:34:0,160.209991,160.199997,160.239990,160.225006,160.117996,161.510010,160.019989,160.239990,0.000000,0.000000
2008-1-9T0:35:0,160.220001,160.220001,160.230011,160.220001,160.117996,161.510010,160.019989,160.239990,0.000000,0.000000
2008-1-9T0:36:0,160.209991,160.209991,160.269989,160.239990,160.117996,161.510010,160.019989,160.269989,0.000000,0.000000
2008-1-9T0:37:0,160.269989,160.250000,160.279999,160.250000,160.117996,161.510010,160.019989,160.279999,0.000000,0.000000
2008-1-9T0:38:0,160.255005,160.255005,160.290009,160.290009,160.117996,161.510010,160.019989,160.290009,0.000000,0.000000
2008-1-9T0:39:0,160.279999,160.269989,160.290009,160.269989,160.117996,161.510010,160.019989,160.290009,0.000000,0.000000
2008-1-9T0:40:0,160.279999,160.250000,160.279999,160.269989,160.117996,161.510010,160.019989,160.290009,0.000000,0.000000
2008-1-9T0:41:0,160.260010,160.260010,160.290009,160.290009,160.117996,161.510010,160.019989,160.290009,0.000000,0.000000
2008-1-9T0:42:0,160.279999,160.250000,160.279999,160.250000,160.117996,161.510010,160.019989,160.290009,0.000000,0.000000
2008-1-9T0:43:0,160.239990,160.239990,160.269989,160.260010,160.117996,161.510010,160.019989,160.290009,0.000000,0.000000
2008-1-9T0:45:0,160.269989,160.250000,160.269989,160.250000,160.117996,161.510010,160.019989,160.290009,0.000000,0.000000
2008-1-9T0:46:0,160.260010,160.250000,160.260010,160.250000,160.117996,161.510010,160.019989,160.290009,0.000000,0.000000
2008-1-9T0:47:0,160.239990,160.239990,160.250000,160.250000,160.117996,161.510010,160.019989,160.290009,0.000000,0.000000
2008-1-9T0:48:0,160.239990,160.239990,160.250000,160.250000,160.117996,161.510010,160.019989,160.290009,0.000000,0.000000
2008-1-9T0:49:0,160.239990,160.220001,160.239990,160.220001,160.117996,161.510010,160.019989,160.290009,0.000000,0.000000
2008-1-9T0:50:0,160.209991,160.209991,160.230011,160.230011,160.117996,161.510010,160.019989,160.290009,0.000000,0.000000
2008-1-9T0:52:0,160.239990,160.239990,160.260010,160.239990,160.117996,161.510010,160.019989,160.290009,0.000000,0.000000
2008-1-9T0:53:0,160.250000,160.239990,160.250000,160.239990,160.117996,161.510010,160.019989,160.290009,0.000000,0.000000
2008-1-9T0:58:0,160.230011,160.230011,160.239990,160.230011,160.117996,161.510010,160.019989,160.290009,0.000000,0.000000
2008-1-9T0:59:0,160.220001,160.220001,160.239990,160.239990,160.117996,161.510010,160.019989,160.290009,0.000000,0.000000
2008-1-9T1:0:0,160.230011,160.230011,160.250000,160.239990,160.117996,161.510010,160.019989,160.290009,0.000000,0.000000
2008-1-9T1:1:0,160.250000,160.250000,160.269989,160.269989,160.117996,161.510010,160.019989,160.290009,0.000000,0.000000
2008-1-9T1:2:0,160.239990,160.239990,160.269989,160.260010,160.117996,161.510010,160.019989,160.290009,0.000000,0.000000
2008-1-9T1:4:0,160.269989,160.239990,160.279999,160.260010,160.117996,161.510010,160.019989,160.290009,0.000000,0.000000
2008-1-9T1:5:0,160.269989,160.260010,160.279999,160.260010,160.117996,161.510010,160.019989,160.290009,0.000000,0.000000
2008-1-9T1:6:0,160.269989,160.269989,160.269989,160.269989,160.117996,161.510010,160.019989,160.290009,0.000000,0.000000
2008-1-9T1:7:0,160.279999,160.269989,160.290009,160.279999,160.117996,161.510010,160.019989,160.290009,0.000000,0.000000
2008-1-9T1:8:0,160.269989,160.260010,160.279999,160.269989,160.117996,161.510010,160.019989,160.290009,0.000000,0.000000
2008-1-9T1:9:0,160.279999,160.279999,160.279999,160.279999,160.117996,161.510010,160.019989,160.290009,0.000000,0.000000
2008-1-9T1:10:0,160.269989,160.260010,160.279999,160.260010,160.117996,161.510010,160.019989,160.290009,0.000000,0.000000
2008-1-9T1:11:0,160.269989,160.269989,160.290009,160.279999,160.117996,161.510010,160.019989,160.290009,0.000000,0.000000
2008-1-9T1:12:0,160.290009,160.290009,160.320007,160.300003,160.117996,161.510010,160.019989,160.320007,0.000000,0.000000
2008-1-9T1:13:0,160.309998,160.279999,160.320007,160.300003,160.117996,161.510010,160.019989,160.320007,0.000000,0.000000
2008-1-9T1:14:0,160.290009,160.290009,160.309998,160.300003,160.117996,161.510010,160.019989,160.320007,0.000000,0.000000
2008-1-9T1:15:0,160.290009,160.290009,160.320007,160.309998,160.117996,161.510010,160.019989,160.320007,0.000000,0.000000
2008-1-9T1:16:0,160.300003,160.290009,160.320007,160.300003,160.117996,161.510010,160.019989,160.320007,0.000000,0.000000
2008-1-9T1:17:0,160.290009,160.290009,160.300003,160.300003,160.117996,161.510010,160.019989,160.320007,0.000000,0.000000
2008-1-9T1:18:0,160.309998,160.300003,160.320007,160.309998,160.117996,161.510010,160.019989,160.320007,0.000000,0.000000
2008-1-9T1:19:0,160.320007,160.300003,160.330002,160.300003,160.117996,161.510010,160.019989,160.330002,0.000000,0.000000
2008-1-9T1:20:0,160.290009,160.279999,160.290009,160.279999,160.117996,161.510010,160.019989,160.330002,0.000000,0.000000
2008-1-9T1:21:0,160.290009,160.290009,160.309998,160.300003,160.117996,161.510010,160.019989,160.330002,0.000000,0.000000
2008-1-9T1:22:0,160.290009,160.290009,160.309998,160.300003,160.117996,161.510010,160.019989,160.330002,0.000000,0.000000
2008-1-9T1:23:0,160.309998,160.290009,160.309998,160.290009,160.117996,161.510010,160.019989,160.330002,0.000000,0.000000
2008-1-9T1:24:0,160.279999,160.230011,160.279999,160.230011,160.117996,161.510010,160.019989,160.330002,0.000000,0.000000
2008-1-9T1:25:0,160.239990,160.230011,160.279999,160.260010,160.117996,161.510010,160.019989,160.330002,0.000000,0.000000
2008-1-9T1:26:0,160.279999,160.279999,160.300003,160.290009,160.117996,161.510010,160.019989,160.330002,0.000000,0.000000
2008-1-9T1:27:0,160.279999,160.279999,160.290009,160.290009,160.117996,161.510010,160.019989,160.330002,0.000000,0.000000
2008-1-9T1:28:0,160.279999,160.279999,160.290009,160.290009,160.117996,161.510010,160.019989,160.330002,0.000000,0.000000
2008-1-9T1:29:0,160.300003,160.290009,160.309998,160.290009,160.117996,161.510010,160.019989,160.330002,0.000000,0.000000
2008-1-9T1:30:0,160.300003,160.290009,160.300003,160.290009,160.117996,161.510010,160.019989,160.330002,0.000000,0.000000
2008-1-9T1:31:0,160.279999,160.279999,160.290009,160.290009,160.117996,161.510010,160.019989,160.330002,0.000000,0.000000
2008-1-9T1:32:0,160.300003,160.290009,160.300003,160.300003,160.117996,161.510010,160.019989,160.330002,0.000000,0.000000
2008-1-9T1:33:0,160.309998,160.279999,160.320007,160.290009,160.117996,161.510010,160.019989,160.330002,0.000000,0.000000
2008-1-9T1:34:0,160.279999,160.239990,160.279999,160.239990,160.117996,161.510010,160.019989,160.330002,0.000000,0.000000
2008-1-9T1:35:0,160.230011,160.230011,160.260010,160.239990,160.117996,161.510010,160.019989,160.330002,0.000000,0.000000
2008-1-9T1:36:0,160.230011,160.230011,160.239990,160.239990,160.117996,161.510010,160.019989,160.330002,0.000000,0.000000
2008-1-9T1:38:0,160.250000,160.239990,160.250000,160.239990,160.117996,161.510010,160.019989,160.330002,0.000000,0.000000
2008-1-9T1:39:0,160.230011,160.209991,160.230011,160.209991,160.117996,161.510010,160.019989,160.330002,0.000000,0.000000
2008-1-9T1:40:0,160.199997,160.199997,160.209991,160.209991,160.117996,161.510010,160.019989,160.330002,0.000000,0.000000
2008-1-9T1:41:0,160.220001,160.209991,160.220001,160.209991,160.117996,161.510010,160.019989,160.330002,0.000000,0.000000
2008-1-9T1:42:0,160.220001,160.199997,160.220001,160.220001,160.117996,161.510010,160.019989,160.330002,0.000000,0.000000
2008-1-9T1:44:0,160.230011,160.209991,160.230011,160.209991,160.117996,161.510010,160.019989,160.330002,0.000000,0.000000
2008-1-9T1:45:0,160.220001,160.209991,160.220001,160.220001,160.117996,161.510010,160.019989,160.330002,0.000000,0.000000
2008-1-9T1:46:0,160.230011,160.220001,160.260010,160.260010,160.117996,161.510010,160.019989,160.330002,0.000000,0.000000
2008-1-9T1:47:0,160.250000,160.239990,160.250000,160.250000,160.117996,161.510010,160.019989,160.330002,0.000000,0.000000
2008-1-9T1:48:0,160.239990,160.239990,160.239990,160.239990,160.117996,161.510010,160.019989,160.330002,0.000000,0.000000
2008-1-9T1:49:0,160.250000,160.239990,160.279999,160.250000,160.117996,161.510010,160.019989,160.330002,0.000000,0.000000
2008-1-9T1:50:0,160.239990,160.220001,160.239990,160.220001,160.117996,161.510010,160.019989,160.330002,0.000000,0.000000
2008-1-9T1:51:0,160.209991,160.209991,160.230011,160.230011,160.117996,161.510010,160.019989,160.330002,0.000000,0.000000
2008-1-9T1:52:0,160.239990,160.230011,160.320007,160.279999,160.117996,161.510010,160.019989,160.330002,0.000000,0.000000
2008-1-9T1:53:0,160.290009,160.290009,160.320007,160.309998,160.117996,161.510010,160.019989,160.330002,0.000000,0.000000
2008-1-9T1:54:0,160.300003,160.260010,160.300003,160.269989,160.117996,161.510010,160.019989,160.330002,0.000000,0.000000
2008-1-9T1:55:0,160.260010,160.239990,160.260010,160.250000,160.117996,161.510010,160.019989,160.330002,0.000000,0.000000
2008-1-9T1:56:0,160.260010,160.250000,160.260010,160.250000,160.117996,161.510010,160.019989,160.330002,0.000000,0.000000
2008-1-9T1:57:0,160.260010,160.260010,160.279999,160.269989,160.117996,161.510010,160.019989,160.330002,0.000000,0.000000
2008-1-9T1:58:0,160.279999,160.269989,160.290009,160.279999,160.117996,161.510010,160.019989,160.330002,0.000000,0.000000
2008-1-9T1:59:0,160.269989,160.269989,160.290009,160.279999,160.117996,161.510010,160.019989,160.330002,0.000000,0.000000
2008-1-9T2:0:0,160.290009,160.290009,160.300003,160.290009,160.117996,161.510010,160.019989,160.330002,0.000000,0.000000
2008-1-9T2:1:0,160.279999,160.269989,160.300003,160.269989,160.117996,161.510010,160.019989,160.330002,0.000000,0.000000
2008-1-9T2:2:0,160.279999,160.260010,160.279999,160.279999,160.117996,161.510010,160.019989,160.330002,0.000000,0.000000
2008-1-9T2:3:0,160.269989,160.269989,160.290009,160.290009,160.117996,161.510010,160.019989,160.330002,0.000000,0.000000
2008-1-9T2:4:0,160.279999,160.279999,160.290009,160.290009,160.117996,161.510010,160.019989,160.330002,0.000000,0.000000
2008-1-9T2:5:0,160.279999,160.279999,160.290009,160.279999,160.117996,161.510010,160.019989,160.330002,0.000000,0.000000
2008-1-9T2:6:0,160.290009,160.250000,160.290009,160.250000,160.117996,161.510010,160.019989,160.330002,0.000000,0.000000
2008-1-9T2:7:0,160.260010,160.209991,160.269989,160.209991,160.117996,161.510010,160.019989,160.330002,0.000000,0.000000
2008-1-9T2:8:0,160.199997,160.179993,160.209991,160.199997,160.117996,161.510010,160.019989,160.330002,0.000000,0.000000
2008-1-9T2:9:0,160.190002,160.179993,160.199997,160.179993,160.117996,161.510010,160.019989,160.330002,0.000000,0.000000
2008-1-9T2:10:0,160.190002,160.179993,160.220001,160.190002,160.117996,161.510010,160.019989,160.330002,0.000000,0.000000
2008-1-9T2:11:0,160.179993,160.179993,160.190002,160.179993,160.117996,161.510010,160.019989,160.330002,0.000000,0.000000
2008-1-9T2:12:0,160.169998,160.169998,160.179993,160.169998,160.117996,161.510010,160.019989,160.330002,0.000000,0.000000
2008-1-9T2:13:0,160.179993,160.179993,160.190002,160.179993,160.117996,161.510010,160.019989,160.330002,0.000000,0.000000
2008-1-9T2:14:0,160.169998,160.169998,160.169998,160.169998,160.117996,161.510010,160.019989,160.330002,0.000000,0.000000
2008-1-9T2:15:0,160.179993,160.169998,160.190002,160.169998,160.117996,161.510010,160.019989,160.330002,0.000000,0.000000
2008-1-9T2:16:0,160.179993,160.169998,160.179993,160.169998,160.117996,161.510010,160.019989,160.330002,0.000000,0.000000
2008-1-9T2:17:0,160.179993,160.169998,160.179993,160.169998,160.117996,161.510010,160.019989,160.330002,0.000000,0.000000
2008-1-9T2:18:0,160.179993,160.160004,160.179993,160.169998,160.117996,161.510010,160.019989,160.330002,0.000000,0.000000
2008-1-9T2:19:0,160.179993,160.160004,160.179993,160.160004,160.117996,161.510010,160.019989,160.330002,0.000000,0.000000
2008-1-9T2:20:0,160.169998,160.149994,160.169998,160.149994,160.117996,161.510010,160.019989,160.330002,0.000000,0.000000
2008-1-9T2:21:0,160.139999,160.139999,160.169998,160.160004,160.117996,161.510010,160.019989,160.330002,0.000000,0.000000
2008-1-9T2:22:0,160.169998,160.160004,160.200012,160.200012,160.117996,161.510010,160.019989,160.330002,0.000000,0.000000
2008-1-9T2:23:0,160.209991,160.209991,160.260010,160.209991,160.117996,161.510010,160.019989,160.330002,0.000000,0.000000
2008-1-9T2:24:0,160.199997,160.190002,160.220001,160.209991,160.117996,161.510010,160.019989,160.330002,0.000000,0.000000
2008-1-9T2:25:0,160.220001,160.220001,160.239990,160.230011,160.117996,161.510010,160.019989,160.330002,0.000000,0.000000
2008-1-9T2:26:0,160.239990,160.239990,160.260010,160.250000,160.117996,161.510010,160.019989,160.330002,0.000000,0.000000
2008-1-9T2:27:0,160.230011,160.230011,160.279999,160.279999,160.117996,161.510010,160.019989,160.330002,0.000000,0.000000
2008-1-9T2:28:0,160.269989,160.269989,160.279999,160.279999,160.117996,161.510010,160.019989,160.330002,0.000000,0.000000
2008-1-9T2:29:0,160.269989,160.269989,160.279999,160.269989,160.117996,161.510010,160.019989,160.330002,0.000000,0.000000
2008-1-9T2:30:0,160.279999,160.279999,160.369995,160.339996,160.117996,161.510010,160.019989,160.369995,0.000000,0.000000
2008-1-9T2:31:0,160.330002,160.309998,160.339996,160.320007,160.117996,161.510010,160.019989,160.369995,0.000000,0.000000
2008-1-9T2:32:0,160.309998,160.300003,160.320007,160.300003,160.117996,161.510010,160.019989,160.369995,0.000000,0.000000
2008-1-9T2:33:0,160.309998,160.290009,160.309998,160.290009,160.117996,161.510010,160.019989,160.369995,0.000000,0.000000
2008-1-9T2:34:0,160.300003,160.290009,160.300003,160.290009,160.117996,161.510010,160.019989,160.369995,0.000000,0.000000
2008-1-9T2:35:0,160.300003,160.279999,160.300003,160.290009,160.117996,161.510010,160.019989,160.369995,0.000000,0.000000
2008-1-9T2:36:0,160.300003,160.279999,160.330002,160.309998,160.117996,161.510010,160.019989,160.369995,0.000000,0.000000
2008-1-9T2:37:0,160.320007,160.320007,160.339996,160.339996,160.117996,161.510010,160.019989,160.369995,0.000000,0.000000
2008-1-9T2:38:0,160.330002,160.320007,160.330002,160.330002,160.117996,161.510010,160.019989,160.369995,0.000000,0.000000
2008-1-9T2:39:0,160.320007,160.320007,160.339996,160.330002,160.117996,161.510010,160.019989,160.369995,0.000000,0.000000
2008-1-9T2:40:0,160.339996,160.330002,160.350006,160.330002,160.117996,161.510010,160.019989,160.369995,0.000000,0.000000
2008-1-9T2:41:0,160.320007,160.309998,160.330002,160.309998,160.117996,161.510010,160.019989,160.369995,0.000000,0.000000
2008-1-9T2:42:0,160.300003,160.300003,160.309998,160.300003,160.117996,161.510010,160.019989,160.369995,0.000000,0.000000
2008-1-9T2:43:0,160.309998,160.300003,160.320007,160.320007,160.117996,161.510010,160.019989,160.369995,0.000000,0.000000
2008-1-9T2:44:0,160.330002,160.309998,160.330002,160.320007,160.117996,161.510010,160.019989,160.369995,0.000000,0.000000
2008-1-9T2:45:0,160.330002,160.320007,160.350006,160.350006,160.117996,161.510010,160.019989,160.369995,0.000000,0.000000
2008-1-9T2:46:0,160.360001,160.360001,160.369995,160.360001,160.117996,161.510010,160.019989,160.369995,0.000000,0.000000
2008-1-9T2:47:0,160.350006,160.350006,160.369995,160.360001,160.117996,161.510010,160.019989,160.369995,0.000000,0.000000
2008-1-9T2:48:0,160.350006,160.350006,160.360001,160.360001,160.117996,161.510010,160.019989,160.369995,0.000000,0.000000
2008-1-9T2:49:0,160.369995,160.360001,160.429993,160.419998,160.117996,161.510010,160.019989,160.429993,0.000000,0.000000
2008-1-9T2:50:0,160.410004,160.410004,160.449997,160.419998,160.117996,161.510010,160.019989,160.449997,0.000000,0.000000
2008-1-9T2:51:0,160.410004,160.380005,160.489990,160.489990,160.117996,161.510010,160.019989,160.489990,0.000000,0.000000
2008-1-9T2:52:0,160.480011,160.440002,160.500000,160.459991,160.117996,161.510010,160.019989,160.500000,0.000000,0.000000
2008-1-9T2:53:0,160.449997,160.429993,160.449997,160.449997,160.117996,161.510010,160.019989,160.500000,0.000000,0.000000
2008-1-9T2:54:0,160.440002,160.429993,160.449997,160.429993,160.117996,161.510010,160.019989,160.500000,0.000000,0.000000
2008-1-9T2:55:0,160.419998,160.389999,160.440002,160.429993,160.117996,161.510010,160.019989,160.500000,0.000000,0.000000
2008-1-9T2:56:0,160.419998,160.419998,160.440002,160.429993,160.117996,161.510010,160.019989,160.500000,0.000000,0.000000
2008-1-9T2:57:0,160.440002,160.440002,160.459991,160.459991,160.117996,161.510010,160.019989,160.500000,0.000000,0.000000
2008-1-9T2:58:0,160.470001,160.459991,160.480011,160.459991,160.117996,161.510010,160.019989,160.500000,0.000000,0.000000
2008-1-9T2:59:0,160.470001,160.440002,160.489990,160.489990,160.117996,161.510010,160.019989,160.500000,0.000000,0.000000
2008-1-9T3:0:0,160.480011,160.470001,160.480011,160.470001,160.117996,161.510010,160.019989,160.500000,0.000000,0.000000
2008-1-9T3:1:0,160.459991,160.449997,160.459991,160.459991,160.117996,161.510010,160.019989,160.500000,0.000000,0.000000
2008-1-9T3:3:0,160.449997,160.434998,160.459991,160.440002,160.117996,161.510010,160.019989,160.500000,0.000000,0.000000
2008-1-9T3:4:0,160.429993,160.429993,160.459991,160.459991,160.117996,161.510010,160.019989,160.500000,0.000000,0.000000
2008-1-9T3:5:0,160.449997,160.440002,160.449997,160.449997,160.117996,161.510010,160.019989,160.500000,0.000000,0.000000
2008-1-9T3:6:0,160.440002,160.389999,160.449997,160.389999,160.117996,161.510010,160.019989,160.500000,0.000000,0.000000
2008-1-9T3:7:0,160.399994,160.399994,160.419998,160.399994,160.117996,161.510010,160.019989,160.500000,0.000000,0.000000
2008-1-9T3:8:0,160.389999,160.389999,160.399994,160.389999,160.117996,161.510010,160.019989,160.500000,0.000000,0.000000
2008-1-9T3:9:0,160.399994,160.399994,160.399994,160.399994,160.117996,161.510010,160.019989,160.500000,0.000000,0.000000
2008-1-9T3:10:0,160.389999,160.380005,160.419998,160.410004,160.117996,161.510010,160.019989,160.500000,0.000000,0.000000
2008-1-9T3:11:0,160.399994,160.380005,160.410004,160.389999,160.117996,161.510010,160.019989,160.500000,0.000000,0.000000
2008-1-9T3:13:0,160.380005,160.380005,160.389999,160.380005,160.117996,161.510010,160.019989,160.500000,0.000000,0.000000
2008-1-9T3:14:0,160.389999,160.389999,160.410004,160.389999,160.117996,161.510010,160.019989,160.500000,0.000000,0.000000
2008-1-9T3:15:0,160.399994,160.380005,160.399994,160.399994,160.117996,161.510010,160.019989,160.500000,0.000000,0.000000
2008-1-9T3:16:0,160.389999,160.389999,160.410004,160.410004,160.117996,161.510010,160.019989,160.500000,0.000000,0.000000
2008-1-9T3:17:0,160.399994,160.399994,160.419998,160.410004,160.117996,161.510010,160.019989,160.500000,0.000000,0.000000
2008-1-9T3:18:0,160.419998,160.410004,160.440002,160.440002,160.117996,161.510010,160.019989,160.500000,0.000000,0.000000
2008-1-9T3:19:0,160.429993,160.419998,160.429993,160.419998,160.117996,161.510010,160.019989,160.500000,0.000000,0.000000
2008-1-9T3:20:0,160.410004,160.410004,160.419998,160.419998,160.117996,161.510010,160.019989,160.500000,0.000000,0.000000
2008-1-9T3:21:0,160.410004,160.410004,160.419998,160.419998,160.117996,161.510010,160.019989,160.500000,0.000000,0.000000
2008-1-9T3:22:0,160.410004,160.399994,160.419998,160.410004,160.117996,161.510010,160.019989,160.500000,0.000000,0.000000
2008-1-9T3:23:0,160.399994,160.389999,160.410004,160.410004,160.117996,161.510010,160.019989,160.500000,0.000000,0.000000
2008-1-9T3:24:0,160.399994,160.399994,160.410004,160.410004,160.117996,161.510010,160.019989,160.500000,0.000000,0.000000
2008-1-9T3:25:0,160.419998,160.410004,160.419998,160.410004,160.117996,161.510010,160.019989,160.500000,0.000000,0.000000
2008-1-9T3:26:0,160.419998,160.410004,160.440002,160.429993,160.117996,161.510010,160.019989,160.500000,0.000000,0.000000
2008-1-9T3:27:0,160.440002,160.440002,160.449997,160.440002,160.117996,161.510010,160.019989,160.500000,0.000000,0.000000
2008-1-9T3:28:0,160.449997,160.429993,160.459991,160.459991,160.117996,161.510010,160.019989,160.500000,0.000000,0.000000
2008-1-9T3:29:0,160.449997,160.449997,160.489990,160.489990,160.117996,161.510010,160.019989,160.500000,0.000000,0.000000
2008-1-9T3:30:0,160.500000,160.459991,160.500000,160.459991,160.117996,161.510010,160.019989,160.500000,0.000000,0.000000
2008-1-9T3:31:0,160.470001,160.459991,160.489990,160.480011,160.117996,161.510010,160.019989,160.500000,0.000000,0.000000
2008-1-9T3:32:0,160.489990,160.489990,160.529999,160.519989,160.117996,161.510010,160.019989,160.529999,0.000000,0.000000
2008-1-9T3:33:0,160.529999,160.470001,160.529999,160.480011,160.117996,161.510010,160.019989,160.529999,0.000000,0.000000
2008-1-9T3:34:0,160.470001,160.470001,160.519989,160.510010,160.117996,161.510010,160.019989,160.529999,0.000000,0.000000
2008-1-9T3:35:0,160.519989,160.519989,160.540009,160.540009,160.117996,161.510010,160.019989,160.540009,0.000000,0.000000
2008-1-9T3:36:0,160.529999,160.529999,160.550003,160.529999,160.117996,161.510010,160.019989,160.550003,0.000000,0.000000
2008-1-9T3:37:0,160.519989,160.519989,160.540009,160.519989,160.117996,161.510010,160.019989,160.550003,0.000000,0.000000
2008-1-9T3:38:0,160.510010,160.510010,160.529999,160.519989,160.117996,161.510010,160.019989,160.550003,0.000000,0.000000
2008-1-9T3:40:0,160.529999,160.510010,160.529999,160.529999,160.117996,161.510010,160.019989,160.550003,0.000000,0.000000
2008-1-9T3:41:0,160.540009,160.540009,160.550003,160.550003,160.117996,161.510010,160.019989,160.550003,0.000000,0.000000
2008-1-9T3:42:0,160.540009,160.540009,160.559998,160.559998,160.117996,161.510010,160.019989,160.559998,0.000000,0.000000
2008-1-9T3:44:0,160.570007,160.559998,160.570007,160.570007,160.117996,161.510010,160.019989,160.570007,0.000000,0.000000
2008-1-9T3:45:0,160.580002,160.570007,160.580002,160.570007,160.117996,161.510010,160.019989,160.580002,0.000000,0.000000
2008-1-9T3:46:0,160.559998,160.550003,160.570007,160.570007,160.117996,161.510010,160.019989,160.580002,0.000000,0.000000
2008-1-9T3:47:0,160.559998,160.559998,160.589996,160.570007,160.117996,161.510010,160.019989,160.589996,0.000000,0.000000
2008-1-9T3:48:0,160.559998,160.559998,160.559998,160.559998,160.117996,161.510010,160.019989,160.589996,0.000000,0.000000
2008-1-9T3:49:0,160.550003,160.529999,160.550003,160.529999,160.117996,161.510010,160.019989,160.589996,0.000000,0.000000
2008-1-9T3:50:0,160.540009,160.529999,160.550003,160.540009,160.117996,161.510010,160.019989,160.589996,0.000000,0.000000
2008-1-9T3:51:0,160.529999,160.529999,160.550003,160.540009,160.117996,161.510010,160.019989,160.589996,0.000000,0.000000
2008-1-9T3:52:0,160.550003,160.540009,160.550003,160.540009,160.117996,161.510010,160.019989,160.589996,0.000000,0.000000
2008-1-9T3:53:0,160.559998,160.559998,160.600006,160.589996,160.117996,161.510010,160.019989,160.600006,0.000000,0.000000
2008-1-9T3:54:0,160.580002,160.580002,160.600006,160.580002,160.117996,161.510010,160.019989,160.600006,0.000000,0.000000
2008-1-9T3:55:0,160.589996,160.570007,160.589996,160.570007,160.117996,161.510010,160.019989,160.600006,0.000000,0.000000
2008-1-9T3:56:0,160.580002,160.570007,160.589996,160.589996,160.117996,161.510010,160.019989,160.600006,0.000000,0.000000
2008-1-9T3:57:0,160.580002,160.580002,160.600006,160.589996,160.117996,161.510010,160.019989,160.600006,0.000000,0.000000
2008-1-9T3:58:0,160.600006,160.600006,160.610001,160.610001,160.117996,161.510010,160.019989,160.610001,0.000000,0.000000
2008-1-9T3:59:0,160.619995,160.619995,160.619995,160.619995,160.117996,161.510010,160.019989,160.619995,0.000000,0.000000
2008-1-9T4:0:0,160.600006,160.559998,160.600006,160.570007,160.117996,161.510010,160.019989,160.619995,0.000000,0.000000
2008-1-9T4:1:0,160.580002,160.570007,160.580002,160.580002,160.117996,161.510010,160.019989,160.619995,0.000000,0.000000
2008-1-9T4:2:0,160.589996,160.580002,160.589996,160.580002,160.117996,161.510010,160.019989,160.619995,0.000000,0.000000
2008-1-9T4:3:0,160.589996,160.589996,160.589996,160.589996,160.117996,161.510010,160.019989,160.619995,0.000000,0.000000
2008-1-9T4:5:0,160.580002,160.559998,160.589996,160.559998,160.117996,161.510010,160.019989,160.619995,0.000000,0.000000
2008-1-9T4:6:0,160.570007,160.559998,160.589996,160.570007,160.117996,161.510010,160.019989,160.619995,0.000000,0.000000
2008-1-9T4:7:0,160.550003,160.550003,160.570007,160.570007,160.117996,161.510010,160.019989,160.619995,0.000000,0.000000
2008-1-9T4:8:0,160.559998,160.559998,160.580002,160.570007,160.117996,161.510010,160.019989,160.619995,0.000000,0.000000
2008-1-9T4:9:0,160.559998,160.559998,160.570007,160.570007,160.117996,161.510010,160.019989,160.619995,0.000000,0.000000
2008-1-9T4:11:0,160.559998,160.550003,160.570007,160.559998,160.117996,161.510010,160.019989,160.619995,0.000000,0.000000
2008-1-9T4:12:0,160.570007,160.570007,160.580002,160.570007,160.117996,161.510010,160.019989,160.619995,0.000000,0.000000
2008-1-9T4:13:0,160.580002,160.570007,160.589996,160.580002,160.117996,161.510010,160.019989,160.619995,0.000000,0.000000
2008-1-9T4:14:0,160.570007,160.570007,160.589996,160.570007,160.117996,161.510010,160.019989,160.619995,0.000000,0.000000
2008-1-9T4:15:0,160.580002,160.580002,160.610001,160.600006,160.117996,161.510010,160.019989,160.619995,0.000000,0.000000
2008-1-9T4:16:0,160.589996,160.580002,160.600006,160.580002,160.117996,161.510010,160.019989,160.619995,0.000000,0.000000
2008-1-9T4:17:0,160.589996,160.589996,160.600006,160.589996,160.117996,161.510010,160.019989,160.619995,0.000000,0.000000
2008-1-9T4:18:0,160.580002,160.559998,160.589996,160.559998,160.117996,161.510010,160.019989,160.619995,0.000000,0.000000
2008-1-9T4:19:0,160.550003,160.550003,160.570007,160.570007,160.117996,161.510010,160.019989,160.619995,0.000000,0.000000
2008-1-9T4:20:0,160.559998,160.540009,160.570007,160.559998,160.117996,161.510010,160.019989,160.619995,0.000000,0.000000
2008-1-9T4:21:0,160.550003,160.550003,160.559998,160.550003,160.117996,161.510010,160.019989,160.619995,0.000000,0.000000
2008-1-9T4:23:0,160.540009,160.519989,160.540009,160.519989,160.117996,161.510010,160.019989,160.619995,0.000000,0.000000
2008-1-9T4:24:0,160.529999,160.519989,160.540009,160.540009,160.117996,161.510010,160.019989,160.619995,0.000000,0.000000
2008-1-9T4:25:0,160.529999,160.519989,160.540009,160.540009,160.117996,161.510010,160.019989,160.619995,0.000000,0.000000
2008-1-9T4:26:0,160.550003,160.550003,160.550003,160.550003,160.117996,161.510010,160.019989,160.619995,0.000000,0.000000
2008-1-9T4:28:0,160.559998,160.550003,160.559998,160.550003,160.117996,161.510010,160.019989,160.619995,0.000000,0.000000
2008-1-9T4:29:0,160.559998,160.550003,160.559998,160.550003,160.117996,161.510010,160.019989,160.619995,0.000000,0.000000
2008-1-9T4:30:0,160.559998,160.540009,160.559998,160.550003,160.117996,161.510010,160.019989,160.619995,0.000000,0.000000
2008-1-9T4:31:0,160.540009,160.519989,160.540009,160.519989,160.117996,161.510010,160.019989,160.619995,0.000000,0.000000
2008-1-9T4:32:0,160.529999,160.510010,160.529999,160.529999,160.117996,161.510010,160.019989,160.619995,0.000000,0.000000
2008-1-9T4:33:0,160.519989,160.500000,160.529999,160.500000,160.117996,161.510010,160.019989,160.619995,0.000000,0.000000
2008-1-9T4:34:0,160.489990,160.480011,160.510010,160.510010,160.117996,161.510010,160.019989,160.619995,0.000000,0.000000
2008-1-9T4:35:0,160.500000,160.500000,160.510010,160.510010,160.117996,161.510010,160.019989,160.619995,0.000000,0.000000
2008-1-9T4:36:0,160.519989,160.510010,160.519989,160.510010,160.117996,161.510010,160.019989,160.619995,0.000000,0.000000
2008-1-9T4:37:0,160.500000,160.500000,160.500000,160.500000,160.117996,161.510010,160.019989,160.619995,0.000000,0.000000
2008-1-9T4:38:0,160.510010,160.510010,160.519989,160.519989,160.117996,161.510010,160.019989,160.619995,0.000000,0.000000
2008-1-9T4:39:0,160.510010,160.510010,160.519989,160.519989,160.117996,161.510010,160.019989,160.619995,0.000000,0.000000
2008-1-9T4:40:0,160.510010,160.500000,160.510010,160.510010,160.117996,161.510010,160.019989,160.619995,0.000000,0.000000
2008-1-9T4:41:0,160.519989,160.519989,160.519989,160.519989,160.117996,161.510010,160.019989,160.619995,0.000000,0.000000
2008-1-9T4:42:0,160.529999,160.519989,160.550003,160.529999,160.117996,161.510010,160.019989,160.619995,0.000000,0.000000
2008-1-9T4:43:0,160.540009,160.540009,160.550003,160.540009,160.117996,161.510010,160.019989,160.619995,0.000000,0.000000
2008-1-9T4:44:0,160.529999,160.529999,160.540009,160.529999,160.117996,161.510010,160.019989,160.619995,0.000000,0.000000
2008-1-9T4:45:0,160.540009,160.519989,160.540009,160.529999,160.117996,161.510010,160.019989,160.619995,0.000000,0.000000
2008-1-9T4:46:0,160.519989,160.510010,160.529999,160.510010,160.117996,161.510010,160.019989,160.619995,0.000000,0.000000
2008-1-9T4:47:0,160.519989,160.459991,160.519989,160.459991,160.117996,161.510010,160.019989,160.619995,0.000000,0.000000
2008-1-9T4:48:0,160.470001,160.440002,160.470001,160.449997,160.117996,161.510010,160.019989,160.619995,0.000000,0.000000
2008-1-9T4:49:0,160.440002,160.440002,160.449997,160.440002,160.117996,161.510010,160.019989,160.619995,0.000000,0.000000
2008-1-9T4:50:0,160.449997,160.449997,160.449997,160.449997,160.117996,161.510010,160.019989,160.619995,0.000000,0.000000
2008-1-9T4:51:0,160.459991,160.449997,160.470001,160.459991,160.117996,161.510010,160.019989,160.619995,0.000000,0.000000
2008-1-9T4:53:0,160.449997,160.449997,160.464996,160.464996,160.117996,161.510010,160.019989,160.619995,0.000000,0.000000
2008-1-9T4:54:0,160.480011,160.470001,160.480011,160.480011,160.117996,161.510010,160.019989,160.619995,0.000000,0.000000
2008-1-9T4:55:0,160.489990,160.480011,160.489990,160.480011,160.117996,161.510010,160.019989,160.619995,0.000000,0.000000
2008-1-9T4:57:0,160.500000,160.500000,160.519989,160.519989,160.117996,161.510010,160.019989,160.619995,0.000000,0.000000
2008-1-9T4:58:0,160.510010,160.510010,160.529999,160.510010,160.117996,161.510010,160.019989,160.619995,0.000000,0.000000
2008-1-9T4:59:0,160.519989,160.489990,160.519989,160.500000,160.117996,161.510010,160.019989,160.619995,0.000000,0.000000
2008-1-9T5:0:0,160.489990,160.480011,160.489990,160.480011,160.117996,161.510010,160.019989,160.619995,0.000000,0.000000
2008-1-9T5:1:0,160.470001,160.459991,160.470001,160.470001,160.117996,161.510010,160.019989,160.619995,0.000000,0.000000
2008-1-9T5:2:0,160.459991,160.459991,160.470001,160.459991,160.117996,161.510010,160.019989,160.619995,0.000000,0.000000
2008-1-9T5:3:0,160.470001,160.459991,160.470001,160.459991,160.117996,161.510010,160.019989,160.619995,0.000000,0.000000
2008-1-9T5:4:0,160.470001,160.470001,160.480011,160.480011,160.117996,161.510010,160.019989,160.619995,0.000000,0.000000
2008-1-9T5:5:0,160.470001,160.470001,160.480011,160.470001,160.117996,161.510010,160.019989,160.619995,0.000000,0.000000
2008-1-9T5:6:0,160.480011,160.459991,160.480011,160.459991,160.117996,161.510010,160.019989,160.619995,0.000000,0.000000
2008-1-9T5:8:0,160.470001,160.459991,160.470001,160.470001,160.117996,161.510010,160.019989,160.619995,0.000000,0.000000
2008-1-9T5:9:0,160.480011,160.470001,160.480011,160.480011,160.117996,161.510010,160.019989,160.619995,0.000000,0.000000
2008-1-9T5:10:0,160.470001,160.459991,160.470001,160.470001,160.117996,161.510010,160.019989,160.619995,0.000000,0.000000
2008-1-9T5:11:0,160.459991,160.459991,160.459991,160.459991,160.117996,161.510010,160.019989,160.619995,0.000000,0.000000
2008-1-9T5:12:0,160.470001,160.470001,160.470001,160.470001,160.117996,161.510010,160.019989,160.619995,0.000000,0.000000
2008-1-9T5:13:0,160.459991,160.459991,160.470001,160.470001,160.117996,161.510010,160.019989,160.619995,0.000000,0.000000
2008-1-9T5:14:0,160.459991,160.459991,160.470001,160.470001,160.117996,161.510010,160.019989,160.619995,0.000000,0.000000
2008-1-9T5:15:0,160.459991,160.459991,160.470001,160.470001,160.117996,161.510010,160.019989,160.619995,0.000000,0.000000
2008-1-9T5:16:0,160.459991,160.459991,160.470001,160.459991,160.117996,161.510010,160.019989,160.619995,0.000000,0.000000
2008-1-9T5:17:0,160.449997,160.419998,160.449997,160.429993,160.117996,161.510010,160.019989,160.619995,0.000000,0.000000
2008-1-9T5:18:0,160.419998,160.380005,160.429993,160.380005,160.117996,161.510010,160.019989,160.619995,0.000000,0.000000
2008-1-9T5:19:0,160.369995,160.369995,160.389999,160.380005,160.117996,161.510010,160.019989,160.619995,0.000000,0.000000
2008-1-9T5:20:0,160.389999,160.380005,160.389999,160.389999,160.117996,161.510010,160.019989,160.619995,0.000000,0.000000
2008-1-9T5:21:0,160.399994,160.389999,160.410004,160.410004,160.117996,161.510010,160.019989,160.619995,0.000000,0.000000
2008-1-9T5:22:0,160.419998,160.410004,160.429993,160.419998,160.117996,161.510010,160.019989,160.619995,0.000000,0.000000
2008-1-9T5:23:0,160.429993,160.429993,160.480011,160.470001,160.117996,161.510010,160.019989,160.619995,0.000000,0.000000
2008-1-9T5:24:0,160.459991,160.459991,160.459991,160.459991,160.117996,161.510010,160.019989,160.619995,0.000000,0.000000
2008-1-9T5:26:0,160.470001,160.459991,160.470001,160.470001,160.117996,161.510010,160.019989,160.619995,0.000000,0.000000
2008-1-9T5:27:0,160.480011,160.470001,160.480011,160.470001,160.117996,161.510010,160.019989,160.619995,0.000000,0.000000
2008-1-9T5:28:0,160.459991,160.449997,160.470001,160.449997,160.117996,161.510010,160.019989,160.619995,0.000000,0.000000
2008-1-9T5:29:0,160.440002,160.440002,160.449997,160.449997,160.117996,161.510010,160.019989,160.619995,0.000000,0.000000
2008-1-9T5:30:0,160.440002,160.440002,160.449997,160.440002,160.117996,161.510010,160.019989,160.619995,0.000000,0.000000
2008-1-9T5:31:0,160.429993,160.419998,160.440002,160.419998,160.117996,161.510010,160.019989,160.619995,0.000000,0.000000
2008-1-9T5:32:0,160.410004,160.389999,160.410004,160.399994,160.117996,161.510010,160.019989,160.619995,0.000000,0.000000
2008-1-9T5:33:0,160.389999,160.389999,160.410004,160.399994,160.117996,161.510010,160.019989,160.619995,0.000000,0.000000
2008-1-9T5:34:0,160.410004,160.389999,160.410004,160.389999,160.117996,161.510010,160.019989,160.619995,0.000000,0.000000
2008-1-9T5:35:0,160.399994,160.389999,160.410004,160.410004,160.117996,161.510010,160.019989,160.619995,0.000000,0.000000
2008-1-9T5:36:0,160.399994,160.399994,160.410004,160.410004,160.117996,161.510010,160.019989,160.619995,0.000000,0.000000
2008-1-9T5:37:0,160.419998,160.410004,160.419998,160.410004,160.117996,161.510010,160.019989,160.619995,0.000000,0.000000
2008-1-9T5:38:0,160.399994,160.399994,160.410004,160.410004,160.117996,161.510010,160.019989,160.619995,0.000000,0.000000
2008-1-9T5:39:0,160.419998,160.410004,160.419998,160.410004,160.117996,161.510010,160.019989,160.619995,0.000000,0.000000
2008-1-9T5:40:0,160.419998,160.419998,160.449997,160.440002,160.117996,161.510010,160.019989,160.619995,0.000000,0.000000
2008-1-9T5:41:0,160.449997,160.440002,160.449997,160.449997,160.117996,161.510010,160.019989,160.619995,0.000000,0.000000
2008-1-9T5:42:0,160.459991,160.459991,160.459991,160.459991,160.117996,161.510010,160.019989,160.619995,0.000000,0.000000
2008-1-9T5:43:0,160.449997,160.449997,160.470001,160.459991,160.117996,161.510010,160.019989,160.619995,0.000000,0.000000
2008-1-9T5:45:0,160.470001,160.470001,160.489990,160.480011,160.117996,161.510010,160.019989,160.619995,0.000000,0.000000
2008-1-9T5:46:0,160.470001,160.449997,160.470001,160.459991,160.117996,161.510010,160.019989,160.619995,0.000000,0.000000
2008-1-9T5:47:0,160.470001,160.440002,160.470001,160.459991,160.117996,161.510010,160.019989,160.619995,0.000000,0.000000
2008-1-9T5:48:0,160.449997,160.449997,160.449997,160.449997,160.117996,161.510010,160.019989,160.619995,0.000000,0.000000
2008-1-9T5:49:0,160.459991,160.449997,160.459991,160.459991,160.117996,161.510010,160.019989,160.619995,0.000000,0.000000
2008-1-9T5:51:0,160.470001,160.459991,160.470001,160.459991,160.117996,161.510010,160.019989,160.619995,0.000000,0.000000
2008-1-9T5:52:0,160.470001,160.449997,160.470001,160.459991,160.117996,161.510010,160.019989,160.619995,0.000000,0.000000
2008-1-9T5:53:0,160.449997,160.449997,160.459991,160.449997,160.117996,161.510010,160.019989,160.619995,0.000000,0.000000
2008-1-9T5:54:0,160.459991,160.459991,160.459991,160.459991,160.117996,161.510010,160.019989,160.619995,0.000000,0.000000
2008-1-9T5:55:0,160.449997,160.449997,160.459991,160.449997,160.117996,161.510010,160.019989,160.619995,0.000000,0.000000
2008-1-9T5:56:0,160.459991,160.459991,160.470001,160.470001,160.117996,161.510010,160.019989,160.619995,0.000000,0.000000
2008-1-9T5:57:0,160.459991,160.459991,160.459991,160.459991,160.117996,161.510010,160.019989,160.619995,0.000000,0.000000
2008-1-9T5:58:0,160.470001,160.470001,160.470001,160.470001,160.117996,161.510010,160.019989,160.619995,0.000000,0.000000
2008-1-9T5:59:0,160.480011,160.480011,160.500000,160.489990,160.117996,161.510010,160.019989,160.619995,0.000000,0.000000
2008-1-9T6:0:0,160.480011,160.480011,160.500000,160.489990,160.117996,161.510010,160.019989,160.619995,0.000000,0.000000
2008-1-9T6:1:0,160.500000,160.500000,160.500000,160.500000,160.117996,161.510010,160.019989,160.619995,0.000000,0.000000
2008-1-9T6:2:0,160.510010,160.500000,160.510010,160.500000,160.117996,161.510010,160.019989,160.619995,0.000000,0.000000
2008-1-9T6:3:0,160.510010,160.489990,160.510010,160.489990,160.117996,161.510010,160.019989,160.619995,0.000000,0.000000
2008-1-9T6:4:0,160.500000,160.500000,160.510010,160.510010,160.117996,161.510010,160.019989,160.619995,0.000000,0.000000
2008-1-9T6:5:0,160.519989,160.510010,160.529999,160.519989,160.117996,161.510010,160.019989,160.619995,0.000000,0.000000
2008-1-9T6:6:0,160.510010,160.510010,160.519989,160.519989,160.117996,161.510010,160.019989,160.619995,0.000000,0.000000
2008-1-9T6:7:0,160.510010,160.510010,160.519989,160.519989,160.117996,161.510010,160.019989,160.619995,0.000000,0.000000
2008-1-9T6:8:0,160.510010,160.510010,160.519989,160.510010,160.117996,161.510010,160.019989,160.619995,0.000000,0.000000
2008-1-9T6:9:0,160.519989,160.519989,160.550003,160.550003,160.117996,161.510010,160.019989,160.619995,0.000000,0.000000
2008-1-9T6:10:0,160.540009,160.529999,160.550003,160.550003,160.117996,161.510010,160.019989,160.619995,0.000000,0.000000
2008-1-9T6:11:0,160.559998,160.550003,160.559998,160.550003,160.117996,161.510010,160.019989,160.619995,0.000000,0.000000
2008-1-9T6:12:0,160.559998,160.550003,160.570007,160.559998,160.117996,161.510010,160.019989,160.619995,0.000000,0.000000
2008-1-9T6:13:0,160.570007,160.570007,160.589996,160.589996,160.117996,161.510010,160.019989,160.619995,0.000000,0.000000
2008-1-9T6:14:0,160.570007,160.570007,160.600006,160.589996,160.117996,161.510010,160.019989,160.619995,0.000000,0.000000
2008-1-9T6:15:0,160.600006,160.580002,160.600006,160.580002,160.117996,161.510010,160.019989,160.619995,0.000000,0.000000
2008-1-9T6:16:0,160.570007,160.570007,160.570007,160.570007,160.117996,161.510010,160.019989,160.619995,0.000000,0.000000
2008-1-9T6:17:0,160.580002,160.580002,160.589996,160.580002,160.117996,161.510010,160.019989,160.619995,0.000000,0.000000
2008-1-9T6:18:0,160.589996,160.570007,160.589996,160.570007,160.117996,161.510010,160.019989,160.619995,0.000000,0.000000
2008-1-9T6:19:0,160.580002,160.570007,160.589996,160.589996,160.117996,161.510010,160.019989,160.619995,0.000000,0.000000
2008-1-9T6:20:0,160.600006,160.589996,160.610001,160.610001,160.117996,161.510010,160.019989,160.619995,0.000000,0.000000
2008-1-9T6:21:0,160.619995,160.610001,160.639999,160.619995,160.117996,161.510010,160.019989,160.639999,0.000000,0.000000
2008-1-9T6:22:0,160.630005,160.630005,160.649994,160.639999,160.117996,161.510010,160.019989,160.649994,0.000000,0.000000
2008-1-9T6:24:0,160.630005,160.630005,160.630005,160.630005,160.117996,161.510010,160.019989,160.649994,0.000000,0.000000
2008-1-9T6:25:0,160.639999,160.630005,160.639999,160.630005,160.117996,161.510010,160.019989,160.649994,0.000000,0.000000
2008-1-9T6:26:0,160.639999,160.639999,160.639999,160.639999,160.117996,161.510010,160.019989,160.649994,0.000000,0.000000
2008-1-9T6:29:0,160.630005,160.630005,160.639999,160.630005,160.117996,161.510010,160.019989,160.649994,0.000000,0.000000
2008-1-9T6:30:0,160.639999,160.630005,160.660004,160.660004,160.117996,161.510010,160.019989,160.660004,0.000000,0.000000
2008-1-9T6:31:0,160.669998,160.639999,160.669998,160.639999,160.117996,161.510010,160.019989,160.669998,0.000000,0.000000
2008-1-9T6:32:0,160.630005,160.619995,160.639999,160.639999,160.117996,161.510010,160.019989,160.669998,0.000000,0.000000
2008-1-9T6:33:0,160.630005,160.619995,160.639999,160.619995,160.117996,161.510010,160.019989,160.669998,0.000000,0.000000
2008-1-9T6:34:0,160.610001,160.600006,160.619995,160.610001,160.117996,161.510010,160.019989,160.669998,0.000000,0.000000
2008-1-9T6:36:0,160.600006,160.600006,160.610001,160.610001,160.117996,161.510010,160.019989,160.669998,0.000000,0.000000
2008-1-9T6:38:0,160.619995,160.610001,160.630005,160.610001,160.117996,161.510010,160.019989,160.669998,0.000000,0.000000
2008-1-9T6:39:0,160.619995,160.610001,160.619995,160.619995,160.117996,161.510010,160.019989,160.669998,0.000000,0.000000
2008-1-9T6:40:0,160.610001,160.600006,160.619995,160.610001,160.117996,161.510010,160.019989,160.669998,0.000000,0.000000
2008-1-9T6:41:0,160.619995,160.619995,160.630005,160.630005,160.117996,161.510010,160.019989,160.669998,0.000000,0.000000
2008-1-9T6:42:0,160.619995,160.619995,160.639999,160.639999,160.117996,161.510010,160.019989,160.669998,0.000000,0.000000
2008-1-9T6:43:0,160.630005,160.630005,160.649994,160.639999,160.117996,161.510010,160.019989,160.669998,0.000000,0.000000
2008-1-9T6:44:0,160.649994,160.649994,160.679993,160.679993,160.117996,161.510010,160.019989,160.679993,0.000000,0.000000
2008-1-9T6:45:0,160.690002,160.669998,160.690002,160.679993,160.117996,161.510010,160.019989,160.690002,0.000000,0.000000
2008-1-9T6:47:0,160.669998,160.660004,160.669998,160.669998,160.117996,161.510010,160.019989,160.690002,0.000000,0.000000
2008-1-9T6:48:0,160.679993,160.669998,160.679993,160.679993,160.117996,161.510010,160.019989,160.690002,0.000000,0.000000
2008-1-9T6:49:0,160.690002,160.690002,160.709991,160.690002,160.117996,161.510010,160.019989,160.709991,0.000000,0.000000
2008-1-9T6:50:0,160.679993,160.669998,160.690002,160.690002,160.117996,161.510010,160.019989,160.709991,0.000000,0.000000
2008-1-9T6:52:0,160.679993,160.660004,160.679993,160.669998,160.117996,161.510010,160.019989,160.709991,0.000000,0.000000
2008-1-9T6:53:0,160.679993,160.669998,160.679993,160.679993,160.117996,161.510010,160.019989,160.709991,0.000000,0.000000
2008-1-9T6:54:0,160.690002,160.679993,160.690002,160.679993,160.117996,161.510010,160.019989,160.709991,0.000000,0.000000
2008-1-9T6:55:0,160.690002,160.669998,160.690002,160.669998,160.117996,161.510010,160.019989,160.709991,0.000000,0.000000
2008-1-9T6:57:0,160.660004,160.649994,160.669998,160.669998,160.117996,161.510010,160.019989,160.709991,0.000000,0.000000
2008-1-9T6:58:0,160.660004,160.660004,160.679993,160.679993,160.117996,161.510010,160.019989,160.709991,0.000000,0.000000
2008-1-9T6:59:0,160.669998,160.669998,160.679993,160.679993,160.117996,161.510010,160.019989,160.709991,0.000000,0.000000
2008-1-9T7:0:0,160.690002,160.690002,160.690002,160.690002,160.117996,161.510010,160.019989,160.709991,0.000000,0.000000
2008-1-9T7:1:0,160.679993,160.679993,160.699997,160.690002,160.117996,161.510010,160.019989,160.709991,0.000000,0.000000
2008-1-9T7:3:0,160.699997,160.690002,160.699997,160.690002,160.117996,161.510010,160.019989,160.709991,0.000000,0.000000
2008-1-9T7:5:0,160.679993,160.660004,160.679993,160.660004,160.117996,161.510010,160.019989,160.709991,0.000000,0.000000
2008-1-9T7:6:0,160.669998,160.669998,160.669998,160.669998,160.117996,161.510010,160.019989,160.709991,0.000000,0.000000
2008-1-9T7:7:0,160.679993,160.669998,160.679993,160.669998,160.117996,161.510010,160.019989,160.709991,0.000000,0.000000
2008-1-9T7:8:0,160.679993,160.679993,160.720001,160.720001,160.117996,161.510010,160.019989,160.720001,0.000000,0.000000
2008-1-9T7:9:0,160.730011,160.679993,160.730011,160.679993,160.117996,161.510010,160.019989,160.730011,0.000000,0.000000
2008-1-9T7:10:0,160.669998,160.669998,160.679993,160.679993,160.117996,161.510010,160.019989,160.730011,0.000000,0.000000
2008-1-9T7:11:0,160.669998,160.660004,160.669998,160.660004,160.117996,161.510010,160.019989,160.730011,0.000000,0.000000
2008-1-9T7:12:0,160.669998,160.669998,160.690002,160.679993,160.117996,161.510010,160.019989,160.730011,0.000000,0.000000
2008-1-9T7:13:0,160.690002,160.690002,160.709991,160.699997,160.117996,161.510010,160.019989,160.730011,0.000000,0.000000
2008-1-9T7:14:0,160.709991,160.690002,160.709991,160.699997,160.117996,161.510010,160.019989,160.730011,0.000000,0.000000
2008-1-9T7:15:0,160.690002,160.690002,160.760010,160.760010,160.117996,161.510010,160.019989,160.760010,0.000000,0.000000
2008-1-9T7:16:0,160.769989,160.760010,160.790009,160.769989,160.117996,161.510010,160.019989,160.790009,0.000000,0.000000
2008-1-9T7:17:0,160.779999,160.779999,160.850006,160.830002,160.117996,161.510010,160.019989,160.850006,0.000000,0.000000
2008-1-9T7:18:0,160.820007,160.809998,160.869995,160.860001,160.117996,161.510010,160.019989,160.869995,0.000000,0.000000
2008-1-9T7:19:0,160.850006,160.839996,160.869995,160.869995,160.117996,161.510010,160.019989,160.869995,0.000000,0.000000
2008-1-9T7:20:0,160.880005,160.860001,160.899994,160.880005,160.117996,161.510010,160.019989,160.899994,0.000000,0.000000
2008-1-9T7:21:0,160.889999,160.869995,160.940002,160.869995,160.117996,161.510010,160.019989,160.940002,0.000000,0.000000
2008-1-9T7:22:0,160.880005,160.880005,160.970001,160.970001,160.117996,161.510010,160.019989,160.970001,0.000000,0.000000
2008-1-9T7:23:0,160.980011,160.980011,161.085007,161.010010,160.117996,161.510010,160.019989,161.085007,0.000000,0.000000
2008-1-9T7:24:0,161.019989,160.980011,161.029999,160.989990,160.117996,161.510010,160.019989,161.085007,0.000000,0.000000
2008-1-9T7:25:0,161.000000,160.959991,161.000000,161.000000,160.117996,161.510010,160.019989,161.085007,0.000000,0.000000
2008-1-9T7:26:0,160.989990,160.989990,161.010010,161.000000,160.117996,161.510010,160.019989,161.085007,0.000000,0.000000
2008-1-9T7:27:0,161.010010,161.010010,161.080002,161.029999,160.117996,161.510010,160.019989,161.085007,0.000000,0.000000
2008-1-9T7:28:0,161.019989,160.970001,161.019989,160.980011,160.117996,161.510010,160.019989,161.085007,0.000000,0.000000
2008-1-9T7:29:0,160.970001,160.970001,161.010010,160.989990,160.117996,161.510010,160.019989,161.085007,0.000000,0.000000
2008-1-9T7:30:0,160.980011,160.959991,160.980011,160.959991,160.117996,161.510010,160.019989,161.085007,0.000000,0.000000
2008-1-9T7:31:0,160.929993,160.929993,161.010010,161.000000,160.117996,161.510010,160.019989,161.085007,0.000000,0.000000
2008-1-9T7:32:0,160.989990,160.989990,161.010010,160.989990,160.117996,161.510010,160.019989,161.085007,0.000000,0.000000
2008-1-9T7:33:0,161.000000,160.989990,161.010010,161.000000,160.117996,161.510010,160.019989,161.085007,0.000000,0.000000
2008-1-9T7:34:0,161.010010,161.000000,161.010010,161.000000,160.117996,161.510010,160.019989,161.085007,0.000000,0.000000
2008-1-9T7:35:0,160.989990,160.940002,160.989990,160.940002,160.117996,161.510010,160.019989,161.085007,0.000000,0.000000
2008-1-9T7:36:0,160.949997,160.940002,160.989990,160.989990,160.117996,161.510010,160.019989,161.085007,0.000000,0.000000
2008-1-9T7:37:0,160.980011,160.980011,160.980011,160.980011,160.117996,161.510010,160.019989,161.085007,0.000000,0.000000
2008-1-9T7:38:0,160.989990,160.980011,160.989990,160.989990,160.117996,161.510010,160.019989,161.085007,0.000000,0.000000
2008-1-9T7:39:0,160.980011,160.980011,160.989990,160.980011,160.117996,161.510010,160.019989,161.085007,0.000000,0.000000
2008-1-9T7:40:0,160.970001,160.970001,160.970001,160.970001,160.117996,161.510010,160.019989,161.085007,0.000000,0.000000
2008-1-9T7:41:0,160.959991,160.959991,160.970001,160.970001,160.117996,161.510010,160.019989,161.085007,0.000000,0.000000
2008-1-9T7:42:0,160.959991,160.959991,160.959991,160.959991,160.117996,161.510010,160.019989,161.085007,0.000000,0.000000
2008-1-9T7:43:0,160.949997,160.949997,160.959991,160.949997,160.117996,161.510010,160.019989,161.085007,0.000000,0.000000
2008-1-9T7:44:0,160.940002,160.929993,160.940002,160.929993,160.117996,161.510010,160.019989,161.085007,0.000000,0.000000
2008-1-9T7:45:0,160.940002,160.929993,160.940002,160.929993,160.117996,161.510010,160.019989,161.085007,0.000000,0.000000
2008-1-9T7:46:0,160.919998,160.919998,160.919998,160.919998,160.117996,161.510010,160.019989,161.085007,0.000000,0.000000
2008-1-9T7:47:0,160.929993,160.929993,160.929993,160.929993,160.117996,161.510010,160.019989,161.085007,0.000000,0.000000
2008-1-9T7:48:0,160.919998,160.919998,160.929993,160.919998,160.117996,161.510010,160.019989,161.085007,0.000000,0.000000
2008-1-9T7:50:0,160.910004,160.910004,160.929993,160.919998,160.117996,161.510010,160.019989,161.085007,0.000000,0.000000
2008-1-9T7:51:0,160.910004,160.910004,160.919998,160.910004,160.117996,161.510010,160.019989,161.085007,0.000000,0.000000
2008-1-9T7:52:0,160.919998,160.910004,160.929993,160.929993,160.117996,161.510010,160.019989,161.085007,0.000000,0.000000
2008-1-9T7:53:0,160.919998,160.919998,160.980011,160.980011,160.117996,161.510010,160.019989,161.085007,0.000000,0.000000
2008-1-9T7:54:0,160.989990,160.980011,161.010010,160.980011,160.117996,161.510010,160.019989,161.085007,0.000000,0.000000
2008-1-9T7:55:0,160.989990,160.989990,161.160004,161.160004,160.117996,161.510010,160.019989,161.160004,0.000000,0.000000
2008-1-9T7:56:0,161.149994,161.080002,161.199997,161.149994,160.117996,161.510010,160.019989,161.199997,0.000000,0.000000
2008-1-9T7:57:0,161.160004,161.149994,161.209991,161.209991,160.117996,161.510010,160.019989,161.209991,0.000000,0.000000
2008-1-9T7:58:0,161.220001,161.220001,161.290009,161.250000,160.117996,161.510010,160.019989,161.290009,0.000000,0.000000
2008-1-9T7:59:0,161.239990,161.220001,161.260010,161.230011,160.117996,161.510010,160.019989,161.290009,0.000000,0.000000
